Start_Date_time,Stop_Date_time,Closest_Date_time,Lrb,Lfb,MLTrb,MLTfb,distmin,dLmin,dMLTmin,EMFb,B1b,B2b,SpecETot_lb,SpecEMax_lb,SpecEMed_lb,SpecEAvg_lb,SpecETot_ub,SpecEMax_ub,SpecEMed_ub,SpecEAvg_ub,SpecBTot_lb,SpecBMax_lb,SpecBMed_lb,SpecBAvg_lb,SpecBTot_ub,SpecBMax_ub,SpecBMed_ub,SpecBAvg_ub
2015-02-01T03:51:57,2015-02-01T03:55:08,2015-02-01T03:53:21,3.34,3.51,20.22,19.73,0.48,-0.18,0.49,236.0,0.0,0.0,0.00243,4.31e-06,3.72e-09,2e-07,5.05e-06,1.24e-08,7.86e-10,1.6e-09,1.62e-05,1.92e-07,9.28e-11,1.33e-09,2.37e-07,1.07e-10,7.45e-11,7.51e-11
2015-04-07T23:56:48,2015-04-07T23:59:34,2015-04-07T23:58:04,3.75,3.51,18.67,18.01,0.67,0.24,0.66,8.0,0.0,3.0,0.00294,1.35e-05,1.43e-09,2.05e-07,1.19e-05,1.18e-06,7.57e-10,2.95e-09,3.96e-06,2.18e-07,1.68e-10,2.76e-10,6.54e-07,1.29e-08,1.53e-10,1.61e-10
2015-06-11T19:29:23,2015-06-11T19:30:12,2015-06-11T19:29:37,5.81,5.56,19.02,19.97,1.44,0.25,0.95,668.0,0.0,0.0,0.013,0.000111,2.34e-08,7.72e-07,0.00482,4.35e-06,9.58e-10,6.69e-07,0.000233,2.07e-06,2.8e-10,1.39e-08,1.24e-06,2.74e-10,1.72e-10,1.73e-10
2015-06-12T13:01:44,2015-06-12T13:02:57,2015-06-12T13:02:28,5.75,5.84,18.17,18.47,0.47,-0.09,0.31,1356.0,0.0,0.0,0.0194,3.61e-05,1.01e-07,1.16e-06,0.00358,5.51e-06,9.7e-10,4.96e-07,9.56e-05,1.49e-07,5.45e-10,5.7e-09,1.26e-06,2.3e-09,1.72e-10,1.75e-10
2015-06-12T22:32:28,2015-06-12T22:33:17,2015-06-12T22:32:46,5.99,5.93,19.1,19.43,0.51,0.06,0.33,1212.0,0.0,0.0,0.000703,4.48e-06,1.25e-08,4.2e-08,0.005,4.46e-06,1.34e-09,6.92e-07,5e-06,4.38e-09,2.42e-10,2.98e-10,1.25e-06,2.86e-10,1.72e-10,1.73e-10
2015-07-04T17:02:56,2015-07-04T17:04:03,2015-07-04T17:03:25,5.25,5.24,19.38,19.86,0.66,0.02,0.48,464.0,0.0,0.0,0.00442,6.31e-06,4.11e-09,2.64e-07,1.47e-05,2.53e-08,6.38e-10,2.03e-09,1.48e-05,2.11e-07,1.92e-10,8.83e-10,1.19e-06,4.74e-10,1.63e-10,1.64e-10
2015-12-15T04:29:02,2015-12-15T04:29:26,2015-12-15T04:29:03,4.77,4.1,10.55,11.55,1.33,0.67,1.0,174.0,0.0,39.0,0.319,0.00887,5.15e-08,1.9e-05,0.663,0.0112,1.49e-07,9.95e-05,0.000219,1.45e-05,2.69e-10,1.3e-08,0.00022,3.57e-06,2.12e-10,3.3e-08
2016-01-20T19:46:47,2016-01-20T19:47:46,2016-01-20T19:47:18,5.77,5.78,10.45,10.41,0.07,-0.01,0.05,287.0,0.0,7.0,1.67,0.0601,1.51e-07,9.98e-05,0.22,0.00248,1.36e-08,3.05e-05,0.0146,0.00077,5.52e-10,8.68e-07,0.000684,1.54e-05,1.83e-10,9.47e-08
2016-01-21T22:46:18,2016-01-21T22:47:17,2016-01-21T22:46:44,5.91,5.99,10.44,10.29,0.25,-0.09,0.15,944.0,0.0,194.0,9.72,0.158,3.68e-06,0.000583,0.0133,0.00181,1.21e-08,1.83e-06,0.0239,0.000578,8.23e-09,1.44e-06,3.07e-06,6.46e-08,1.78e-10,4.22e-10
2016-05-26T09:53:25,2016-05-26T09:55:09,2016-05-26T09:53:56,3.39,3.85,9.35,10.18,0.91,-0.46,0.83,197.0,0.0,7.0,0.00147,2.47e-06,1.65e-09,1.17e-07,2.74e-06,8.17e-09,6.54e-10,8.38e-10,2.98e-06,7.58e-09,1.61e-10,2.37e-10,4.85e-07,2.1e-10,1.47e-10,1.48e-10
2016-05-30T10:50:42,2016-05-30T10:51:26,2016-05-30T10:51:21,5.21,6.33,7.22,7.79,1.41,-1.12,0.58,560.0,0.0,43.0,2.66,0.102,1.99e-07,0.000158,2.01,0.04,2.29e-07,0.000278,0.000316,7.42e-05,2.69e-10,1.88e-08,0.000257,5.96e-05,1.81e-10,3.56e-08
2016-08-16T23:26:03,2016-08-16T23:27:41,2016-08-16T23:27:02,4.46,4.47,1.26,1.54,0.33,-0.01,0.28,564.0,2646.0,0.0,1.2,0.0381,6.64e-08,7.19e-05,1.6,0.065,5.57e-09,0.000261,0.000217,2.28e-05,1.89e-10,1.3e-08,0.00117,3.13e-05,1.55e-10,1.91e-07
2016-08-16T23:58:33,2016-08-16T23:59:22,2016-08-16T23:58:49,4.99,4.94,1.8,1.62,0.24,0.05,0.18,924.0,2646.0,0.0,1.76,0.0381,6.8e-07,0.000105,3.18,0.065,1.01e-07,0.00044,0.000423,2.28e-05,2.28e-10,2.52e-08,0.00209,3.13e-05,1.65e-10,2.89e-07
2016-08-24T20:20:57,2016-08-24T20:21:51,2016-08-24T20:21:32,5.3,5.26,1.86,2.13,0.38,0.04,0.27,408.0,0.0,0.0,1.7,0.0592,4.24e-07,0.000102,0.166,0.00562,1.04e-07,2.3e-05,0.000441,4.26e-05,2.25e-10,2.63e-08,0.000132,2.98e-05,1.64e-10,1.83e-08
2016-08-28T21:40:19,2016-08-28T21:42:22,2016-08-28T21:41:27,4.22,4.16,0.59,1.52,1.02,0.06,0.94,224.0,0.0,0.0,0.00119,1.67e-06,1.22e-08,7.31e-08,7.14e-06,2.65e-08,7.4e-10,1.39e-09,4.68e-06,1.3e-08,1.74e-10,2.88e-10,7.74e-07,2.19e-10,1.49e-10,1.5e-10
2016-08-28T22:43:28,2016-08-28T22:44:51,2016-08-28T22:44:15,5.23,5.28,1.67,1.8,0.19,-0.06,0.13,811.0,0.0,0.0,0.00145,1.56e-06,2.57e-08,8.67e-08,0.000465,1.6e-06,1.54e-09,6.44e-08,1.51e-05,2.09e-08,2.3e-10,8.98e-10,1.13e-06,2.57e-10,1.55e-10,1.57e-10
2016-08-28T23:17:02,2016-08-28T23:18:03,2016-08-28T23:17:31,5.55,5.44,2.11,1.74,0.54,0.11,0.37,1105.0,0.0,0.0,0.00129,1.56e-06,2.66e-08,7.72e-08,0.000925,1.6e-06,2.38e-09,1.28e-07,2.24e-05,2.47e-08,3.43e-10,1.33e-09,1.16e-06,2.57e-10,1.59e-10,1.6e-10
2016-08-30T01:40:08,2016-08-30T01:41:07,2016-08-30T01:40:53,5.41,5.38,1.69,1.72,0.06,0.04,0.03,449.0,3303.0,0.0,2.01,0.0886,1.2e-07,0.00012,0.0046,0.000233,6.73e-09,6.36e-07,0.00227,5.74e-05,2.59e-10,1.35e-07,1.41e-06,3.06e-08,1.61e-10,1.95e-10
2016-08-30T03:13:47,2016-08-30T03:14:36,2016-08-30T03:14:21,6.03,6.04,2.83,2.01,1.29,-0.01,0.82,452.0,5355.0,0.0,2.16,0.0632,1.11e-07,0.000129,0.00281,6.54e-05,1.16e-08,3.9e-07,0.00211,6.97e-05,3.36e-10,1.26e-07,1.21e-06,2.26e-09,1.65e-10,1.67e-10
2016-08-30T19:43:47,2016-08-30T19:44:22,2016-08-30T19:43:51,5.39,5.23,1.76,1.09,0.95,0.16,0.67,309.0,0.0,16.0,4.89,0.0535,1.39e-05,0.000292,3.43,0.044,5.55e-06,0.000475,0.00926,0.000247,3.63e-10,5.53e-07,0.00365,6.1e-05,6.87e-10,5.06e-07
2016-12-24T15:12:07,2016-12-24T15:14:46,2016-12-24T15:13:38,3.52,3.4,1.81,1.48,0.31,0.12,0.3,152.0,0.0,7.0,2.35,0.193,1.19e-07,0.000183,0.0148,0.0089,1.32e-09,4.34e-06,2.5e-05,5.1e-07,2.06e-10,1.95e-09,1.27e-06,5.11e-07,1.53e-10,3.72e-10
2017-01-02T13:19:37,2017-01-02T13:21:03,2017-01-02T13:20:35,4.49,4.65,0.42,1.11,0.82,-0.16,0.69,372.0,0.0,190.0,1.82,0.0769,5.19e-08,0.000109,0.00678,0.000872,3.78e-09,1.13e-06,1.92e-05,1.38e-06,1.8e-10,1.15e-09,1.01e-06,1.18e-08,1.57e-10,1.68e-10
2017-05-02T03:16:37,2017-05-02T03:17:31,2017-05-02T03:17:08,5.71,5.73,17.41,17.16,0.36,-0.02,0.24,0.0,1012.0,0.0,0.00488,1.25e-05,3.34e-08,2.91e-07,0.00122,3.41e-06,9.08e-10,1.69e-07,7.65e-05,3.78e-07,3.14e-10,4.56e-09,1.17e-06,2.7e-10,1.61e-10,1.62e-10
2017-07-01T07:33:02,2017-07-01T07:34:15,2017-07-01T07:33:49,4.8,4.86,17.22,17.6,0.49,-0.06,0.38,240.0,0.0,0.0,0.00267,3.12e-06,5.17e-09,1.59e-07,8.34e-06,3.53e-08,6.88e-10,1.26e-09,5.88e-06,8.33e-08,1.91e-10,3.51e-10,1.02e-06,2.38e-10,1.53e-10,1.55e-10
2017-07-02T10:28:56,2017-07-02T10:30:22,2017-07-02T10:29:42,4.77,4.7,17.1,16.87,0.29,0.07,0.23,300.0,0.0,0.0,0.00915,2.83e-05,6.07e-08,5.46e-07,0.000204,2.9e-06,8.93e-10,3.13e-08,5.29e-05,5.48e-07,2.55e-10,3.15e-09,1.03e-06,5.03e-10,1.55e-10,1.58e-10
2017-07-02T15:19:56,2017-07-02T15:21:52,2017-07-02T15:21:09,5.1,5.76,14.0,14.34,0.84,-0.67,0.4,360.0,0.0,19.0,0.00858,4.66e-05,8.76e-08,5.11e-07,0.0159,0.00211,1.69e-09,2.21e-06,9.1e-06,1.02e-08,2.2e-10,5.42e-10,2.96e-06,2.48e-07,1.6e-10,4.09e-10
2017-07-04T06:52:18,2017-07-04T06:53:31,2017-07-04T06:53:02,5.07,4.92,16.86,17.77,1.2,0.16,0.91,296.0,0.0,0.0,0.0047,8.37e-06,5.19e-09,2.8e-07,1.53e-05,4.16e-08,7.72e-10,2.13e-09,6.74e-06,6.61e-08,1.87e-10,4.02e-10,1.12e-06,5.83e-10,1.54e-10,1.57e-10
2017-07-06T12:45:07,2017-07-06T12:47:15,2017-07-06T12:46:04,4.9,4.63,16.7,16.19,0.71,0.28,0.52,272.0,0.0,0.0,0.0116,1.44e-05,5.69e-08,6.92e-07,8.61e-06,4.43e-08,6.88e-10,1.24e-09,0.000154,3.39e-07,1.89e-10,9.2e-09,1.08e-06,2.38e-10,1.53e-10,1.55e-10
2017-07-06T20:47:42,2017-07-06T20:48:41,2017-07-06T20:48:01,5.57,4.97,16.46,15.78,1.13,0.59,0.69,307.0,0.0,0.0,0.0208,1.71e-05,1.67e-07,1.24e-06,0.000579,2.13e-06,8.54e-10,8.01e-08,0.000511,4.19e-07,1.07e-09,3.05e-08,1.19e-06,3.06e-10,1.64e-10,1.65e-10
2017-07-09T12:03:37,2017-07-09T12:05:15,2017-07-09T12:04:40,5.19,5.18,16.3,16.35,0.08,0.01,0.08,288.0,5236.0,0.0,0.00406,2.73e-06,7.1e-08,2.42e-07,0.000726,2.6e-06,8.75e-10,1e-07,3.29e-05,7.44e-08,4.74e-10,1.97e-09,1.15e-06,2.52e-10,1.57e-10,1.59e-10
2017-07-09T16:55:47,2017-07-09T16:56:36,2017-07-09T16:56:34,4.65,5.61,13.41,13.93,1.19,-0.95,0.52,140.0,0.0,11.0,0.02,5.75e-05,3.83e-08,1.19e-06,0.000122,8.71e-05,7.43e-10,1.86e-08,0.000121,5.21e-07,2.27e-10,7.24e-09,1.84e-06,6.58e-07,1.51e-10,2.8e-10
2017-07-09T18:31:03,2017-07-09T18:32:56,2017-07-09T18:31:52,5.7,5.28,14.89,14.57,0.62,0.42,0.32,250.0,4.0,0.0,0.179,0.0011,3.29e-06,1.07e-05,0.0018,8.71e-05,1.06e-09,2.49e-07,0.00184,5.12e-06,1.73e-08,1.1e-07,2.07e-06,6.58e-07,1.65e-10,2.86e-10
2017-07-09T20:06:28,2017-07-09T20:07:22,2017-07-09T20:06:43,5.69,5.0,16.09,15.42,1.16,0.69,0.67,272.0,5046.0,0.0,0.0751,0.000241,1.01e-06,4.48e-06,0.00283,2.99e-06,1.15e-09,3.92e-07,0.00105,5.01e-06,8.74e-09,6.23e-08,1.22e-06,4.66e-10,1.67e-10,1.69e-10
2017-07-11T09:58:37,2017-07-11T10:00:34,2017-07-11T09:59:57,3.85,3.74,17.62,17.23,0.4,0.11,0.4,1200.0,2768.0,0.0,0.0053,2.1e-05,1.83e-08,3.72e-07,3.8e-06,2.17e-08,6.61e-10,9.43e-10,5.4e-05,6.65e-07,1.92e-10,3.79e-09,6.09e-07,3.89e-10,1.5e-10,1.51e-10
2017-07-11T14:50:25,2017-07-11T14:52:28,2017-07-11T14:51:48,5.51,6.06,14.17,14.46,0.69,-0.55,0.29,228.0,0.0,0.0,0.00727,6.1e-06,1.1e-07,4.33e-07,0.000578,4.81e-06,2.5e-09,8e-08,9.46e-06,2.43e-08,3.21e-10,5.64e-10,1.64e-06,1.72e-08,1.7e-10,2.27e-10
2017-07-11T16:26:47,2017-07-11T16:27:41,2017-07-11T16:26:51,5.73,4.79,15.44,14.91,1.19,0.94,0.53,276.0,0.0,0.0,0.0224,8.14e-05,1.19e-07,1.34e-06,0.00182,3.49e-06,1.03e-09,2.52e-07,0.000481,2.88e-06,4.01e-10,2.87e-08,1.26e-06,2.24e-09,1.67e-10,1.75e-10
2017-07-12T19:25:13,2017-07-12T19:26:02,2017-07-12T19:25:25,5.78,4.94,15.72,15.08,1.25,0.84,0.7,360.0,0.0,0.0,0.0508,0.000223,5.23e-07,3.02e-06,0.00251,3.17e-06,8.87e-10,3.48e-07,0.00111,3.77e-06,1.05e-09,6.64e-08,1.19e-06,8.35e-10,1.64e-10,1.65e-10
2017-07-16T23:13:33,2017-07-16T23:14:36,2017-07-16T23:14:25,5.11,5.24,16.64,16.93,0.42,-0.13,0.3,474.0,0.0,0.0,0.0451,0.000185,2.4e-07,2.69e-06,0.0011,3.17e-06,9.11e-10,1.53e-07,0.000611,5.65e-06,5.73e-10,3.64e-08,1.16e-06,2.46e-10,1.59e-10,1.61e-10
2017-07-17T15:01:35,2017-07-17T15:04:02,2017-07-17T15:03:19,5.76,6.05,14.67,14.89,0.44,-0.29,0.22,571.0,6581.0,0.0,0.162,0.000472,1.66e-06,9.68e-06,0.00397,3.41e-06,7.94e-09,5.5e-07,0.00082,1.64e-06,6.7e-09,4.89e-08,1.27e-06,9.69e-10,1.68e-10,1.76e-10
2017-07-21T17:19:31,2017-07-21T17:21:34,2017-07-21T17:20:30,5.79,5.24,14.59,14.34,0.64,0.55,0.25,480.0,0.0,59.0,0.325,0.00809,2.15e-06,1.94e-05,0.0291,0.00108,2.33e-08,4.04e-06,0.00115,2.25e-05,7.77e-09,6.88e-08,7.03e-05,3.03e-06,1.91e-10,9.74e-09
2017-07-21T18:55:18,2017-07-21T18:56:02,2017-07-21T18:55:26,5.58,4.56,15.83,15.13,1.36,1.01,0.7,508.0,0.0,7.0,0.198,0.00303,3.3e-06,1.18e-05,0.0136,0.000411,1.24e-08,1.88e-06,0.000928,1.08e-05,1.76e-08,5.53e-08,2.31e-05,7.18e-07,1.81e-10,3.2e-09
2017-07-22T20:16:56,2017-07-22T20:18:22,2017-07-22T20:18:09,5.84,5.98,14.79,15.0,0.36,-0.14,0.21,456.0,0.0,39.0,0.252,0.00349,8.77e-07,1.5e-05,0.0253,0.00156,2.39e-08,3.51e-06,0.0008,3.02e-05,2.89e-09,4.77e-08,7.35e-06,3.31e-07,1.76e-10,1.02e-09
2017-07-22T21:51:28,2017-07-22T21:52:41,2017-07-22T21:52:31,5.55,5.7,15.92,16.07,0.28,-0.15,0.16,564.0,0.0,47.0,0.375,0.0063,5.41e-07,2.23e-05,0.0217,0.00411,4.23e-09,3.01e-06,0.00113,3.02e-05,1.77e-09,6.71e-08,5.03e-06,2.41e-07,1.71e-10,6.97e-10
2017-11-21T07:55:08,2017-11-21T07:56:56,2017-11-21T07:56:15,4.16,4.2,8.47,8.47,0.04,-0.04,0.0,308.0,238.0,75.0,0.292,0.0378,1.07e-07,1.81e-05,0.259,0.0175,1.4e-06,4.91e-05,0.000171,4.48e-05,2.68e-10,1.06e-08,0.000133,4.34e-05,6.2e-10,2.52e-08
2017-11-21T20:00:57,2017-11-21T20:03:02,2017-11-21T20:02:16,6.06,5.94,10.62,10.67,0.15,0.12,0.06,1889.0,7124.0,79.0,4.97,0.0815,3.83e-05,0.000296,0.0218,0.00211,2.66e-07,3.02e-06,0.01,0.000267,4.03e-08,5.97e-07,1.56e-05,2.63e-06,2.15e-10,2.17e-09
2017-11-22T10:49:13,2017-11-22T10:50:56,2017-11-22T10:50:11,4.45,4.33,8.47,8.0,0.56,0.12,0.49,288.0,0.0,0.0,0.00879,7.57e-05,1.17e-07,5.32e-07,0.0108,0.000972,1.62e-09,1.81e-06,1.54e-05,3e-08,2.85e-10,9.31e-10,1.25e-05,3.01e-06,1.6e-10,2.09e-09
2017-11-22T13:22:23,2017-11-22T13:23:51,2017-11-22T13:23:08,6.39,6.45,10.68,10.55,0.24,-0.05,0.13,295.0,0.0,134.0,17.2,0.0987,4.82e-05,0.00103,1.19,0.0858,3.6e-06,0.000164,0.023,0.000123,6.94e-08,1.37e-06,0.000852,7.51e-05,8.99e-10,1.18e-07
2017-11-24T00:21:33,2017-11-24T00:22:46,2017-11-24T00:22:04,5.55,5.68,9.54,9.09,0.65,-0.14,0.4,221.0,0.0,31.0,0.0438,0.00111,6.57e-08,3.81e-06,0.0231,0.000753,1.39e-08,4.68e-06,6.67e-06,6.36e-08,2.55e-10,5.8e-10,2e-05,3.98e-06,1.76e-10,4.06e-09
2017-11-28T11:55:13,2017-11-28T11:56:41,2017-11-28T11:56:07,6.15,6.24,10.05,9.75,0.49,-0.09,0.3,439.0,0.0,261.0,1.93,0.0384,2.88e-06,0.000115,0.082,0.00667,2.35e-08,1.14e-05,0.00564,0.000203,1.06e-08,3.36e-07,0.000239,1.72e-05,1.79e-10,3.31e-08
2017-11-28T15:04:52,2017-11-28T15:04:57,2017-11-28T15:04:55,5.08,6.4,12.3,11.37,1.93,-1.32,0.94,476.0,0.0,23.0,0.295,0.00685,2.63e-06,1.76e-05,0.0127,0.00178,3.36e-09,1.77e-06,0.000918,1.26e-05,7.93e-09,5.47e-08,2.72e-05,3.27e-06,1.65e-10,3.79e-09
2017-12-04T12:02:03,2017-12-04T12:03:26,2017-12-04T12:03:03,6.26,6.38,10.44,9.79,1.08,-0.11,0.65,426.0,0.0,51.0,0.226,0.00166,2.35e-07,1.35e-05,0.0303,0.00119,2.92e-07,4.19e-06,0.00601,3.96e-05,7.57e-10,3.58e-07,0.000194,8.68e-06,2.14e-10,2.69e-08
2017-12-04T21:37:50,2017-12-04T21:39:28,2017-12-04T21:38:58,5.79,5.9,10.24,10.01,0.37,-0.1,0.23,368.0,0.0,3.0,0.958,0.013,5.05e-07,5.71e-05,1.23,0.0521,1.06e-05,0.00017,0.000955,2.68e-05,5.95e-10,5.69e-08,0.000902,1.02e-05,6.53e-09,1.25e-07
2017-12-05T16:31:37,2017-12-05T16:33:46,2017-12-05T16:33:17,5.7,5.65,11.29,11.35,0.1,0.06,0.06,392.0,0.0,75.0,2.34,0.114,1.88e-05,0.000139,0.41,0.03,2.36e-06,5.68e-05,0.00232,0.000185,2.42e-08,1.38e-07,0.000345,3.07e-05,7.88e-10,4.77e-08
2017-12-05T22:59:37,2017-12-05T23:00:57,2017-12-05T23:00:47,5.64,5.56,9.14,9.51,0.54,0.08,0.37,476.0,0.0,47.0,0.268,0.0245,2.29e-07,1.6e-05,0.213,0.0048,3.49e-07,2.95e-05,0.000661,6.33e-05,7.53e-10,3.94e-08,0.000429,6.66e-06,3.4e-10,5.94e-08
2017-12-06T07:26:47,2017-12-06T07:27:56,2017-12-06T07:27:51,5.52,5.32,9.38,8.65,1.05,0.2,0.73,396.0,0.0,3.0,0.216,0.000937,2.46e-06,1.29e-05,0.0253,0.00248,5.34e-09,3.51e-06,0.00105,3.01e-06,6.72e-09,6.24e-08,1.86e-05,4.8e-07,1.7e-10,2.58e-09
2017-12-07T01:55:42,2017-12-07T01:56:56,2017-12-07T01:56:40,5.64,5.74,9.25,8.84,0.63,-0.1,0.43,432.0,0.0,0.0,0.0207,0.00152,2.4e-08,1.23e-06,0.0121,0.000279,8.87e-09,1.68e-06,1.25e-05,2.91e-07,2.23e-10,7.47e-10,3.36e-05,8.3e-07,1.72e-10,4.66e-09
2017-12-07T20:52:25,2017-12-07T20:54:22,2017-12-07T20:54:04,5.89,5.65,9.88,10.29,0.65,0.25,0.38,4.0,0.0,168.0,1.74,0.0616,1.25e-07,0.000104,0.745,0.00831,6.83e-06,0.000103,0.00252,0.000165,4.81e-10,1.5e-07,0.000293,9.66e-06,3.05e-09,4.07e-08
2017-12-10T09:37:02,2017-12-10T09:38:03,2017-12-10T09:38:01,5.57,5.27,9.03,8.44,0.89,0.3,0.59,360.0,0.0,0.0,0.0048,1.1e-05,4.01e-08,2.86e-07,0.00247,3.76e-06,8.25e-10,3.42e-07,0.000155,5.49e-07,3.8e-10,9.26e-09,1.2e-06,2.54e-10,1.65e-10,1.66e-10
2017-12-11T03:03:02,2017-12-11T03:04:40,2017-12-11T03:04:34,4.82,4.8,8.07,7.67,0.5,0.02,0.34,348.0,0.0,0.0,0.00676,0.000154,5.02e-09,4.04e-07,0.00125,0.000134,9.61e-10,1.84e-07,4.08e-06,8.96e-09,1.76e-10,2.44e-10,1.44e-06,1.17e-08,1.58e-10,2.11e-10
2017-12-11T15:03:23,2017-12-11T15:04:46,2017-12-11T15:04:45,6.14,5.81,10.59,10.95,0.65,0.33,0.36,427.0,0.0,23.0,0.31,0.00652,3.97e-07,1.85e-05,0.764,0.0274,7.75e-06,0.000106,0.000625,1.7e-05,7e-10,3.72e-08,0.000686,6.08e-05,2.89e-09,9.51e-08
2017-12-13T20:59:25,2017-12-13T21:01:22,2017-12-13T21:00:56,5.61,5.61,10.26,10.26,0.02,-0.0,0.0,348.0,0.0,126.0,0.883,0.00937,1.95e-06,5.27e-05,0.0146,0.000189,1.92e-07,2.02e-06,0.0062,0.000122,3.79e-09,3.7e-07,4.57e-05,1.41e-06,7.41e-10,6.33e-09
2018-02-26T18:46:23,2018-02-26T18:47:41,2018-02-26T18:47:06,5.77,5.72,6.45,6.45,0.06,0.06,0.04,444.0,0.0,19.0,0.687,0.0531,5.61e-08,4.09e-05,0.204,0.018,1.9e-09,2.84e-05,1.78e-05,6.54e-07,2.05e-10,1.06e-09,2.54e-05,8.54e-06,1.63e-10,3.53e-09
2018-03-01T11:39:03,2018-03-01T11:40:22,2018-03-01T11:39:52,5.01,4.98,8.08,8.9,1.07,0.02,0.82,924.0,774.0,0.0,0.00475,5.97e-06,9.78e-09,2.83e-07,0.000144,4.33e-06,6.18e-10,2e-08,3.31e-05,2.22e-07,3.07e-10,1.97e-09,1.15e-06,3.09e-09,1.56e-10,1.6e-10
2018-03-03T09:33:25,2018-03-03T09:35:40,2018-03-03T09:34:48,3.66,3.62,9.4,9.35,0.06,0.04,0.04,120.0,0.0,3.0,0.00392,6.73e-06,4.04e-09,2.75e-07,3.9e-06,7.46e-09,5.45e-10,1.04e-09,1.68e-05,7.99e-08,1.83e-10,1.18e-09,5.56e-07,2.02e-10,1.47e-10,1.49e-10
2018-03-04T12:26:19,2018-03-04T12:28:46,2018-03-04T12:27:49,3.58,3.52,9.42,8.88,0.51,0.07,0.52,116.0,0.0,0.0,0.00448,1.02e-05,2.69e-09,3.27e-07,3.83e-06,3.45e-08,5.44e-10,1.05e-09,6.7e-05,1.92e-07,1.76e-10,4.89e-09,5.43e-07,2.09e-10,1.48e-10,1.49e-10
2018-03-12T16:47:07,2018-03-12T16:49:15,2018-03-12T16:48:28,4.38,4.09,8.32,7.74,0.71,0.3,0.45,404.0,593.0,0.0,0.00542,1.75e-05,3.13e-08,3.26e-07,6.41e-06,1.1e-08,6.05e-10,1.15e-09,3.85e-05,2.66e-07,2.18e-10,2.32e-09,8.46e-07,2.33e-10,1.5e-10,1.51e-10
2018-03-13T00:46:37,2018-03-13T00:47:56,2018-03-13T00:47:53,5.66,5.72,7.25,7.64,0.58,-0.06,0.51,331.0,0.0,0.0,0.00839,1.82e-05,8.72e-08,5.6e-07,0.00307,5.55e-06,8.21e-10,4.75e-07,2.62e-05,1.61e-07,3.91e-10,1.75e-09,1.06e-06,2.53e-10,1.63e-10,1.64e-10
2018-03-13T18:09:50,2018-03-13T18:11:15,2018-03-13T18:11:01,5.6,5.44,6.96,6.84,0.24,0.16,0.08,476.0,589.0,178.0,0.235,0.00314,1.63e-08,1.4e-05,0.0591,0.0061,1.72e-09,8.19e-06,6.5e-06,2.82e-08,2.08e-10,3.87e-10,1.61e-05,3.9e-06,1.66e-10,2.23e-09
2018-03-17T20:21:08,2018-03-17T20:22:17,2018-03-17T20:22:15,5.88,5.69,6.64,6.58,0.23,0.19,0.19,420.0,594.0,23.0,3.67,0.319,1.45e-07,0.000219,0.0154,0.00251,1.28e-08,2.14e-06,0.000443,4.46e-05,3.36e-10,2.64e-08,5.79e-06,3.44e-06,1.66e-10,8.02e-10
2018-03-19T00:50:18,2018-03-19T00:51:41,2018-03-19T00:51:40,4.97,4.87,7.92,7.91,0.1,0.1,0.15,336.0,597.0,71.0,2.15,0.39,6.91e-07,0.000139,0.922,0.16,3.01e-08,0.000139,0.00075,3.53e-05,7.32e-10,4.84e-08,3.73e-05,1.5e-05,1.66e-10,5.62e-09
2018-03-26T03:47:01,2018-03-26T03:49:34,2018-03-26T03:49:33,3.63,3.66,9.02,8.99,0.04,-0.03,0.07,228.0,298.0,23.0,0.435,0.0369,2.98e-07,3.21e-05,0.138,0.00356,6.32e-09,3.2e-05,5.04e-05,2.27e-06,2.4e-10,3.72e-09,6.32e-05,2.62e-06,1.56e-10,1.47e-08
2018-04-20T21:12:13,2018-04-20T21:14:28,2018-04-20T21:13:40,3.91,3.9,8.11,8.09,0.04,0.02,0.03,240.0,0.0,43.0,0.9,0.064,2.1e-07,6.38e-05,0.0468,0.00555,3.01e-09,1.04e-05,0.000329,4.62e-05,2.24e-10,2.33e-08,5.29e-06,1.17e-06,1.54e-10,1.18e-09
2018-04-23T20:26:56,2018-04-23T20:28:46,2018-04-23T20:28:22,4.47,4.68,7.46,7.81,0.46,-0.21,0.32,312.0,1692.0,11.0,0.352,0.00685,9.78e-07,2.15e-05,0.00183,1.82e-05,8.17e-09,3.2e-07,0.0016,4.59e-05,9.45e-10,9.76e-08,4.88e-06,3.24e-08,1.67e-10,8.53e-10
2018-05-03T22:38:07,2018-05-03T22:40:15,2018-05-03T22:40:11,3.71,3.84,7.97,8.4,0.42,-0.12,0.39,236.0,0.0,39.0,0.00352,0.00037,3.97e-09,2.69e-07,1.98e-05,2.99e-07,5.84e-10,4.75e-09,6.13e-06,3.52e-07,1.73e-10,4.68e-10,6.39e-07,2.23e-10,1.51e-10,1.53e-10
2018-07-06T11:08:56,2018-07-06T11:10:28,2018-07-06T11:10:09,4.15,4.09,23.37,22.91,0.5,0.05,0.46,276.0,0.0,3.0,0.00658,1.21e-05,3.63e-08,4.16e-07,1.28e-05,1.78e-07,6.5e-10,2.55e-09,0.000172,8.1e-07,9.52e-10,1.09e-08,7.91e-07,1.45e-09,1.52e-10,1.58e-10
2018-07-15T10:23:50,2018-07-15T10:25:03,2018-07-15T10:25:00,4.63,5.17,23.61,23.0,0.95,-0.55,0.61,308.0,0.0,0.0,0.00375,4.59e-06,4.8e-09,2.24e-07,0.000483,3.75e-06,2.58e-09,7.58e-08,2.14e-05,3.72e-07,1.89e-10,1.28e-09,5.78e-06,5.83e-08,1.66e-10,9.08e-10
2018-08-04T04:11:13,2018-08-04T04:13:46,2018-08-04T04:12:49,3.74,3.76,22.27,22.27,0.02,-0.02,0.0,264.0,0.0,0.0,0.00332,1.44e-05,9.16e-09,2.33e-07,1.8e-05,4.13e-07,8.36e-10,4.47e-09,9.31e-06,7.48e-08,2.28e-10,6.53e-10,6.35e-07,1.35e-09,1.52e-10,1.57e-10
2018-08-06T10:59:42,2018-08-06T11:00:41,2018-08-06T11:00:27,5.13,5.22,23.37,23.37,0.09,-0.09,0.01,360.0,0.0,0.0,0.00441,4.66e-06,1.08e-09,2.63e-07,6.39e-05,2.94e-06,7.72e-10,8.84e-09,3.7e-06,3.69e-08,1.86e-10,2.2e-10,1.2e-06,3.31e-08,1.55e-10,1.66e-10
2018-08-07T17:02:23,2018-08-07T17:02:57,2018-08-07T17:02:55,5.66,6.25,1.82,0.84,1.63,-0.59,0.98,372.0,650.0,7.0,1.22,0.132,2.15e-08,7.27e-05,0.299,0.0919,1.56e-08,4.14e-05,1.27e-05,7.22e-07,2.23e-10,7.59e-10,4.2e-06,4.87e-07,1.62e-10,5.82e-10
2018-08-08T07:53:33,2018-08-08T07:54:31,2018-08-08T07:54:20,5.12,5.08,23.48,23.24,0.32,0.03,0.24,420.0,942.0,0.0,0.00702,2.88e-05,3.78e-08,4.18e-07,0.000987,4.48e-06,2.39e-09,1.36e-07,0.000492,1.31e-06,2.58e-10,2.93e-08,5.5e-06,6.79e-08,1.63e-10,7.61e-10
2018-08-09T03:53:42,2018-08-09T03:54:31,2018-08-09T03:54:29,5.78,6.31,1.09,1.25,0.6,-0.53,0.19,366.0,304.0,11.0,1.34,0.015,2.96e-08,7.99e-05,0.0217,0.00153,1.88e-08,3.01e-06,1.28e-05,2.37e-07,2.69e-10,7.65e-10,1.74e-06,4.85e-08,1.63e-10,2.41e-10
2018-08-09T10:13:28,2018-08-09T10:14:36,2018-08-09T10:14:35,4.76,4.65,22.94,23.43,0.62,0.12,0.49,368.0,0.0,0.0,0.0156,0.000469,5.27e-09,9.3e-07,4.53e-05,6.01e-06,5.95e-10,6.65e-09,5.27e-05,4.87e-07,1.97e-10,3.14e-09,1.04e-06,9.82e-10,1.51e-10,1.53e-10
2018-08-10T05:14:08,2018-08-10T05:15:07,2018-08-10T05:15:01,5.5,5.95,23.95,0.54,0.98,-0.44,0.57,439.0,0.0,0.0,0.0051,4.45e-06,7.86e-08,3.04e-07,0.000639,3.2e-06,2.81e-09,8.85e-08,6.7e-05,2.18e-07,7.48e-10,3.99e-09,1.16e-06,4.55e-10,1.6e-10,1.61e-10
2018-08-10T21:34:04,2018-08-10T21:36:17,2018-08-10T21:35:10,4.2,3.63,22.49,21.86,0.87,0.58,0.66,584.0,429.0,0.0,0.00336,2.06e-05,8.89e-10,2.07e-07,8.11e-06,3.84e-08,5.6e-10,1.54e-09,3.53e-06,3.56e-08,1.7e-10,2.18e-10,7.96e-07,2.35e-10,1.49e-10,1.51e-10
2018-08-11T01:46:23,2018-08-11T01:47:17,2018-08-11T01:47:11,5.34,6.07,1.9,2.15,0.81,-0.74,0.25,872.0,3024.0,0.0,0.331,0.0142,5.28e-08,1.97e-05,0.106,0.0113,9.28e-09,1.47e-05,4.59e-06,1.89e-08,2.06e-10,2.74e-10,1.31e-06,5.23e-08,1.57e-10,1.81e-10
2018-08-11T07:06:56,2018-08-11T07:08:09,2018-08-11T07:08:06,4.8,4.85,23.06,23.1,0.08,-0.06,0.04,344.0,93.0,198.0,0.0488,0.00315,5.45e-09,2.91e-06,0.151,0.0101,9.33e-10,2.17e-05,6.24e-06,2.1e-07,2.02e-10,3.72e-10,1.65e-05,4.57e-07,1.54e-10,2.38e-09
2018-08-11T08:08:18,2018-08-11T08:09:02,2018-08-11T08:08:58,5.51,6.66,23.88,23.72,1.18,-1.15,0.17,368.0,966.0,253.0,0.452,0.0148,4.5e-08,2.69e-05,0.216,0.0101,1.85e-08,2.99e-05,7.07e-06,2.1e-07,2.42e-10,4.21e-10,1.9e-05,5.65e-07,1.66e-10,2.64e-09
2018-08-11T08:41:33,2018-08-11T08:42:12,2018-08-11T08:42:06,5.71,5.44,0.26,23.42,1.26,0.27,0.84,368.0,966.0,214.0,0.636,0.0148,1.55e-07,3.79e-05,0.309,0.0101,1.52e-07,4.28e-05,7.91e-06,2.1e-07,2.63e-10,4.71e-10,2e-05,5.65e-07,1.7e-10,2.77e-09
2018-08-11T17:34:33,2018-08-11T17:35:17,2018-08-11T17:35:13,6.09,6.94,0.33,1.07,1.52,-0.85,0.74,368.0,321.0,31.0,0.118,0.0099,3.12e-08,7.01e-06,0.00752,0.000523,1.33e-08,1.04e-06,8.22e-05,8.79e-06,3.25e-10,4.9e-09,1.3e-06,3.47e-09,1.69e-10,1.8e-10
2018-08-11T19:09:42,2018-08-11T19:10:36,2018-08-11T19:10:34,5.84,6.29,1.51,1.5,0.45,-0.45,0.0,368.0,663.0,0.0,1.07,0.156,1.83e-08,6.37e-05,0.0437,0.00811,3.46e-09,6.06e-06,7.5e-06,4.24e-07,2.61e-10,4.47e-10,1.24e-06,1.07e-08,1.62e-10,1.72e-10
2018-08-12T00:31:47,2018-08-12T00:32:07,2018-08-12T00:31:50,4.24,3.31,22.59,21.68,1.29,0.93,0.75,334.0,675.0,0.0,0.00263,4.16e-06,8.22e-10,2.05e-07,1.16e-05,3.24e-07,5.62e-10,2.19e-09,2.48e-06,4.91e-09,1.74e-10,1.93e-10,8.76e-07,7.23e-09,1.51e-10,1.66e-10
2018-08-13T06:02:18,2018-08-13T06:03:07,2018-08-13T06:03:04,5.83,6.84,0.67,0.32,1.16,-1.01,0.35,416.0,579.0,253.0,30.0,0.422,2.18e-06,0.00179,0.0706,0.00564,3.75e-08,9.79e-06,0.000398,6.02e-05,3.71e-10,2.37e-08,4.2e-06,4.5e-07,1.64e-10,5.82e-10
2018-08-13T20:44:34,2018-08-13T20:49:17,2018-08-13T20:47:54,3.64,3.74,21.76,21.93,0.19,-0.09,0.17,224.0,476.0,0.0,0.00414,2.26e-05,3.98e-09,3.07e-07,5.03e-06,1.38e-08,5.17e-10,1.31e-09,6.67e-05,3.3e-07,1.81e-10,4.94e-09,5.7e-07,3.73e-10,1.47e-10,1.49e-10
2018-08-17T01:47:42,2018-08-17T01:48:56,2018-08-17T01:48:53,4.67,5.31,2.46,1.95,0.93,-0.64,0.5,468.0,5342.0,0.0,0.0826,0.00783,1.56e-07,4.93e-06,0.274,0.0134,2.63e-08,4.05e-05,9.94e-06,1.88e-06,1.86e-10,5.93e-10,0.000124,1.27e-05,1.56e-10,1.83e-08
2018-08-17T14:57:13,2018-08-17T14:58:31,2018-08-17T14:58:29,4.89,4.41,22.47,23.19,1.01,0.48,0.72,684.0,5167.0,0.0,0.127,0.000201,2.42e-06,7.56e-06,0.00141,1.18e-05,4.58e-09,1.99e-07,0.00414,1.17e-05,3.17e-08,2.47e-07,2.44e-06,7.72e-08,1.71e-10,3.44e-10
2018-08-17T19:10:56,2018-08-17T19:11:57,2018-08-17T19:11:56,5.26,6.18,1.95,1.48,1.15,-0.92,0.47,738.0,0.0,0.0,0.0214,0.00017,6.5e-08,1.28e-06,0.00127,0.00017,1.03e-09,1.76e-07,0.00121,7.74e-06,5.14e-10,7.22e-08,4.61e-06,2.23e-07,1.57e-10,6.38e-10
2018-08-18T11:01:42,2018-08-18T11:02:07,2018-08-18T11:02:03,5.78,18.76,0.21,23.6,13.09,-12.99,0.61,463.0,0.0,123.0,9.0,0.303,5.02e-07,0.000537,2.15,0.0597,3.02e-07,0.000298,0.00552,0.000195,3.36e-10,3.29e-07,0.00142,7.38e-05,1.74e-10,1.97e-07
2018-09-20T00:46:31,2018-09-20T00:48:28,2018-09-20T00:47:48,4.09,3.79,2.01,2.53,0.62,0.3,0.55,235.0,5268.0,0.0,0.00429,3.93e-06,5.18e-09,3.04e-07,6.19e-06,1.76e-08,5.2e-10,1.45e-09,3.96e-05,6.37e-08,1.86e-10,2.8e-09,6.06e-07,6.82e-10,1.4e-10,1.42e-10
2018-09-20T21:55:33,2018-09-20T21:56:17,2018-09-20T21:55:44,3.9,4.7,20.91,21.81,1.28,-0.8,0.91,500.0,3262.0,0.0,0.00372,1.28e-05,9.92e-09,2.43e-07,6.88e-06,4.76e-08,5.09e-10,1.53e-09,9.87e-06,1.18e-08,2.28e-10,6.45e-10,6.53e-07,2.34e-10,1.44e-10,1.45e-10
2018-09-21T11:35:18,2018-09-21T11:36:22,2018-09-21T11:36:04,5.12,5.04,0.72,0.4,0.43,0.08,0.32,360.0,0.0,0.0,0.00382,3.95e-06,5.91e-09,2.28e-07,6.72e-05,1.91e-07,1.6e-09,9.3e-09,3.48e-06,2.39e-08,1.8e-10,2.07e-10,1.08e-06,5.48e-10,1.48e-10,1.5e-10
2018-09-22T14:28:33,2018-09-22T14:29:12,2018-09-22T14:29:06,5.05,5.27,0.75,0.81,0.23,-0.21,0.06,384.0,0.0,218.0,12.9,0.137,4.52e-06,0.000769,3.47,0.121,2.61e-06,0.00048,0.0141,0.000183,3.16e-10,8.42e-07,0.00143,3.43e-05,2.05e-10,1.98e-07
2018-09-22T19:46:03,2018-09-22T19:47:12,2018-09-22T19:46:38,5.11,5.28,22.07,22.67,0.83,-0.17,0.57,428.0,0.0,0.0,3.68,0.0837,3.24e-06,0.00022,1.77,0.0682,6.66e-07,0.000245,0.00493,0.000218,3.07e-10,2.94e-07,0.00143,3.95e-05,1.69e-10,1.98e-07
2018-09-28T00:51:25,2018-09-28T00:53:03,2018-09-28T00:52:03,5.01,4.71,21.69,21.45,0.44,0.29,0.06,271.0,0.0,0.0,0.151,0.0114,2.56e-09,9.61e-06,0.00349,0.000462,1.18e-09,5.17e-07,5.66e-06,3.06e-07,2.02e-10,3.61e-10,1.06e-06,1.11e-08,1.53e-10,1.57e-10
2018-09-28T12:53:28,2018-09-28T12:54:17,2018-09-28T12:54:11,5.54,5.92,23.95,0.66,1.13,-0.38,0.71,452.0,0.0,0.0,0.00556,5.76e-06,4.98e-08,3.31e-07,0.000659,4.75e-06,2.36e-09,9.14e-08,0.000193,4.35e-07,5.54e-10,1.15e-08,1.13e-06,9.46e-10,1.54e-10,1.57e-10
2018-10-04T12:53:23,2018-10-04T12:54:26,2018-10-04T12:54:25,5.04,5.38,0.42,0.79,0.61,-0.34,0.37,456.0,0.0,0.0,0.00582,4.64e-06,9.22e-08,3.47e-07,3.17e-05,6.8e-08,1.02e-09,4.39e-09,0.000113,2.34e-07,4.81e-10,6.76e-09,1.07e-06,2.74e-10,1.47e-10,1.49e-10
2018-10-04T13:23:44,2018-10-04T13:25:03,2018-10-04T13:25:01,4.56,4.39,0.91,0.64,0.36,0.18,0.27,396.0,0.0,0.0,0.00448,3.49e-06,4.27e-08,2.67e-07,1.65e-05,2.95e-08,7.89e-10,2.65e-09,4.82e-05,8.41e-08,2.15e-10,2.87e-09,8.99e-07,2.74e-10,1.42e-10,1.44e-10
2018-10-07T12:36:57,2018-10-07T12:37:41,2018-10-07T12:37:38,4.95,4.27,0.44,0.8,0.81,0.69,0.36,288.0,0.0,103.0,19.5,0.383,3.98e-06,0.00116,3.36,0.107,1.22e-06,0.000467,0.017,0.000296,3.41e-10,1.01e-06,0.00358,9.88e-05,1.71e-10,4.97e-07
2018-10-07T18:56:47,2018-10-07T18:57:12,2018-10-07T18:57:10,5.7,4.95,22.5,23.28,1.33,0.75,0.8,360.0,0.0,0.0,13.8,0.171,2.52e-06,0.000825,0.369,0.0157,5.79e-07,5.1e-05,0.0862,0.00145,1.62e-09,5.14e-06,8.18e-05,2.58e-06,2.16e-10,1.13e-08
2018-10-08T15:29:33,2018-10-08T15:30:22,2018-10-08T15:30:17,4.91,4.13,0.45,0.37,0.78,0.77,0.08,416.0,0.0,59.0,3.25,0.0601,1.29e-06,0.000194,2.0,0.0272,7.48e-07,0.000283,0.00958,0.000309,2.64e-10,5.71e-07,0.00238,5.22e-05,1.77e-10,3.37e-07
2018-10-09T10:01:23,2018-10-09T10:02:31,2018-10-09T10:02:26,4.45,5.23,1.11,0.89,0.83,-0.78,0.22,332.0,0.0,39.0,3.81,0.26,4.77e-07,0.000227,0.281,0.0174,4.29e-09,4.52e-05,0.000142,1.14e-05,2.16e-10,8.47e-09,2.42e-06,2.13e-07,1.48e-10,3.89e-10
2018-10-09T10:30:13,2018-10-09T10:32:03,2018-10-09T10:32:02,3.75,3.62,1.86,0.87,0.96,0.13,0.99,308.0,0.0,7.0,3.53,0.26,3.53e-07,0.00024,0.263,0.0174,6.54e-09,5.88e-05,3.91e-05,8.53e-06,1.84e-10,2.65e-09,2.12e-06,2.13e-07,1.45e-10,4.74e-10
2018-10-10T19:44:37,2018-10-10T19:45:12,2018-10-10T19:45:06,5.71,5.0,23.23,22.99,0.78,0.71,0.25,360.0,0.0,253.0,10.7,0.155,3.71e-06,0.000636,3.25,0.0538,2.6e-06,0.000451,0.0246,0.000309,7.27e-10,1.47e-06,0.00303,5.38e-05,2.25e-10,4.2e-07
2018-12-18T02:59:37,2018-12-18T03:00:46,2018-12-18T03:00:20,5.51,5.96,21.58,22.16,0.97,-0.44,0.58,288.0,1248.0,11.0,0.0177,0.0009,4.46e-09,1.05e-06,0.00368,4.36e-05,1.48e-08,5.1e-07,9.86e-06,7.94e-07,2.45e-10,5.88e-10,1.34e-06,2.26e-08,1.7e-10,1.86e-10
2018-12-31T05:46:02,2018-12-31T05:47:03,2018-12-31T05:46:07,3.12,3.25,23.43,0.35,0.78,-0.13,0.92,140.0,93.0,7.0,0.00157,3.85e-06,5.77e-10,1.42e-07,3.3e-06,8.98e-09,5.25e-10,1.09e-09,2.22e-06,1.43e-08,1.63e-10,2.01e-10,4.64e-07,2.27e-10,1.51e-10,1.52e-10
2019-01-05T01:15:52,2019-01-05T01:15:57,2019-01-05T01:15:55,4.6,5.42,21.46,22.27,1.33,-0.82,0.76,272.0,4179.0,7.0,0.00235,2.27e-05,1.37e-09,1.41e-07,0.00182,4.81e-06,6.32e-10,2.92e-07,5.1e-06,1.59e-08,1.91e-10,3.05e-10,1.02e-06,3.42e-10,1.6e-10,1.64e-10
2019-01-05T23:30:44,2019-01-05T23:32:15,2019-01-05T23:31:25,5.54,6.33,17.55,16.8,1.37,-0.79,0.36,360.0,2233.0,0.0,0.00484,2.82e-05,1.44e-08,2.89e-07,0.00312,4.79e-06,9.56e-10,4.31e-07,4.36e-05,6.48e-07,2.84e-10,2.6e-09,1.22e-06,3.03e-10,1.67e-10,1.69e-10
2019-01-24T23:05:25,2019-01-24T23:07:22,2019-01-24T23:06:38,5.03,4.94,16.34,16.4,0.13,0.09,0.05,360.0,2398.0,0.0,0.0698,9.22e-05,6.41e-07,4.16e-06,0.0019,4.04e-06,5.86e-10,2.66e-07,0.00111,2.66e-06,2.74e-09,6.61e-08,1.18e-06,4.76e-10,1.61e-10,1.65e-10
2019-01-25T00:40:18,2019-01-25T00:41:51,2019-01-25T00:40:49,6.19,6.88,17.72,17.26,1.02,-0.69,0.41,336.0,6003.0,0.0,0.00347,5.31e-05,4.94e-09,2.46e-07,0.00351,5.07e-06,1.82e-09,5.78e-07,0.000153,1.69e-06,4.33e-10,1.08e-08,1.07e-06,3.21e-10,1.74e-10,1.76e-10
2019-02-01T01:58:08,2019-02-01T01:59:36,2019-02-01T01:58:51,5.83,6.28,17.18,16.45,1.21,-0.44,0.68,288.0,5226.0,0.0,0.00774,1.67e-05,4.62e-08,4.61e-07,0.00397,4.25e-06,5.58e-10,5.5e-07,0.000483,8.39e-07,3.97e-09,2.88e-08,1.22e-06,5.74e-10,1.67e-10,1.68e-10
2019-02-02T03:19:50,2019-02-02T03:21:55,2019-02-02T03:20:56,4.36,4.42,15.82,15.57,0.29,-0.06,0.24,228.0,1374.0,43.0,0.0117,2.4e-05,1.63e-07,7.16e-07,0.0141,0.000841,1.37e-07,2.58e-06,1.45e-05,8.61e-08,2.6e-10,8.87e-10,8.23e-06,1.69e-07,2.2e-10,1.51e-09
2019-02-05T02:29:57,2019-02-05T02:32:46,2019-02-05T02:31:37,4.02,3.91,15.3,15.62,0.36,0.11,0.33,264.0,0.0,47.0,0.0126,4.28e-05,1.55e-07,8.38e-07,0.014,0.00124,2.1e-08,3.06e-06,3.34e-05,9.98e-08,3.28e-10,2.21e-09,1.53e-06,1.28e-07,1.68e-10,3.35e-10
2019-02-05T22:56:50,2019-02-05T22:58:52,2019-02-05T22:57:56,6.27,6.7,17.75,17.53,0.57,-0.43,0.03,420.0,6963.0,35.0,0.349,0.00112,3.16e-06,2.08e-05,0.00488,9.08e-06,1.62e-08,6.76e-07,0.00677,3.48e-05,4.39e-09,4.03e-07,1.77e-06,1.23e-07,1.75e-10,2.45e-10
2019-02-06T05:26:01,2019-02-06T05:28:09,2019-02-06T05:27:09,4.1,4.22,15.67,15.22,0.52,-0.11,0.46,324.0,1314.0,0.0,0.00835,2.04e-05,2.29e-08,5.37e-07,5.82e-06,2.25e-08,6.5e-10,1.27e-09,4.63e-05,7.48e-08,2.21e-10,2.97e-09,6.88e-07,2.28e-10,1.49e-10,1.51e-10
2019-02-08T20:33:56,2019-02-08T20:35:34,2019-02-08T20:35:14,5.32,5.4,16.28,16.06,0.33,-0.07,0.05,427.0,2324.0,0.0,0.0176,6.79e-05,4.35e-08,1.05e-06,0.00264,1.19e-05,6.41e-10,3.65e-07,0.000186,6.2e-07,5.22e-10,1.11e-08,1.19e-06,2.68e-10,1.63e-10,1.65e-10
2019-02-08T22:08:28,2019-02-08T22:09:41,2019-02-08T22:09:26,6.22,6.62,17.51,16.91,1.09,-0.4,0.36,379.0,5178.0,0.0,0.00134,4.18e-05,1.95e-09,8.01e-08,0.00484,1.19e-05,5.95e-09,6.69e-07,7.69e-06,3.54e-08,3.04e-10,4.59e-10,1.26e-06,2.96e-10,1.72e-10,1.74e-10
2019-02-12T05:21:57,2019-02-12T05:22:22,2019-02-12T05:22:18,5.17,6.54,16.57,15.6,2.01,-1.37,0.97,872.0,5040.0,15.0,0.0193,0.00032,1.19e-07,1.15e-06,0.000109,3.19e-06,1.13e-09,1.51e-08,0.000711,1.68e-05,4.34e-10,4.24e-08,2.54e-06,6.36e-08,1.62e-10,3.52e-10
2019-02-14T03:11:37,2019-02-14T03:12:17,2019-02-14T03:12:11,5.88,7.14,17.28,16.35,2.03,-1.26,0.96,476.0,5103.0,230.0,0.814,0.00797,2.81e-06,4.85e-05,0.00465,5.38e-06,1.21e-08,6.45e-07,0.0111,5.89e-05,2.47e-08,6.59e-07,1.25e-06,7.02e-09,1.67e-10,1.73e-10
2019-02-14T22:04:37,2019-02-14T22:05:46,2019-02-14T22:05:30,6.08,6.94,18.06,17.21,1.65,-0.86,0.46,432.0,7128.0,0.0,0.0271,0.000186,7.05e-08,1.62e-06,0.00459,5e-06,1.18e-08,6.35e-07,0.00116,7.02e-06,4.47e-10,6.91e-08,1.31e-06,5.95e-08,1.7e-10,1.82e-10
2019-02-15T04:32:18,2019-02-15T04:33:56,2019-02-15T04:33:30,4.99,5.13,16.18,15.64,0.73,-0.15,0.52,480.0,0.0,0.0,0.00837,1.05e-05,1.28e-08,4.99e-07,4.78e-05,2.91e-06,5.89e-10,6.7e-09,5.87e-05,1.67e-07,2.01e-10,3.5e-09,1.11e-06,2.48e-10,1.53e-10,1.55e-10
2019-02-18T03:42:25,2019-02-18T03:44:22,2019-02-18T03:43:59,4.75,4.78,15.77,15.78,0.04,-0.02,0.04,494.0,2383.0,0.0,0.00792,1.27e-05,4.89e-08,4.72e-07,7.05e-06,5.21e-08,5.08e-10,1.06e-09,0.000153,4.57e-07,8.45e-10,9.15e-09,1.02e-06,3.35e-10,1.52e-10,1.54e-10
2019-03-15T22:03:02,2019-03-15T22:04:28,2019-03-15T22:04:10,5.97,5.53,16.97,17.39,0.75,0.44,0.42,864.0,4366.0,0.0,0.00465,1.06e-05,4.37e-08,2.79e-07,0.000669,2.5e-05,6.12e-10,9.22e-08,2.99e-05,4.1e-08,3.63e-10,1.79e-09,1.22e-06,5.04e-09,1.65e-10,1.68e-10
2019-03-16T06:05:28,2019-03-16T06:06:41,2019-03-16T06:05:59,5.69,5.8,16.4,16.13,0.44,-0.1,0.29,360.0,0.0,0.0,0.012,0.000172,9.53e-09,7.14e-07,0.000386,5.85e-06,5.14e-10,5.35e-08,2.75e-05,2.49e-07,2.1e-10,1.64e-09,1.17e-06,2.47e-10,1.61e-10,1.62e-10
2019-03-17T00:58:50,2019-03-17T01:00:03,2019-03-17T00:59:47,5.82,5.57,17.05,17.42,0.62,0.25,0.41,384.0,0.0,3.0,0.00111,0.00011,1.75e-09,6.69e-08,0.0015,7.1e-06,6.52e-10,2.08e-07,3.04e-05,6.04e-07,2.44e-10,1.82e-09,1.21e-06,2.52e-09,1.66e-10,1.68e-10
2019-03-17T07:24:50,2019-03-17T07:26:03,2019-03-17T07:25:29,4.93,4.82,15.32,15.67,0.47,0.11,0.36,349.0,0.0,3.0,0.0681,0.000821,2.04e-07,4.06e-06,0.0211,0.00191,1.67e-08,3.02e-06,0.000198,9.17e-06,4.15e-10,1.18e-08,1.44e-05,6.16e-07,1.67e-10,2.06e-09
2019-03-17T15:47:31,2019-03-17T15:49:03,2019-03-17T15:48:24,4.55,4.48,14.81,14.59,0.27,0.07,0.22,342.0,0.0,47.0,0.214,0.00171,4.13e-07,1.27e-05,0.0135,0.0026,7.47e-09,2.01e-06,0.00246,4.07e-05,6.92e-10,1.47e-07,3.66e-06,2.74e-07,1.6e-10,5.46e-10
2019-03-17T16:47:31,2019-03-17T16:49:09,2019-03-17T16:48:24,5.42,5.43,15.76,15.16,0.85,-0.01,0.6,486.0,0.0,3.0,1.13,0.00887,9.59e-06,6.71e-05,0.00558,0.000151,4.03e-08,7.72e-07,0.0161,0.000179,2.48e-08,9.62e-07,5.3e-06,2.74e-07,1.86e-10,7.34e-10
2019-03-29T12:30:33,2019-03-29T12:31:51,2019-03-29T12:31:32,5.56,5.37,15.65,14.84,1.17,0.19,0.81,360.0,4214.0,0.0,0.054,0.000277,3.38e-09,3.22e-06,0.00223,6.53e-06,6.29e-10,3.09e-07,6.66e-06,1.36e-07,1.98e-10,3.97e-10,1.17e-06,2.58e-10,1.6e-10,1.61e-10
2019-03-30T06:58:23,2019-03-30T06:59:26,2019-03-30T06:59:14,5.87,5.86,16.26,16.13,0.21,0.01,0.13,416.0,2324.0,0.0,0.0494,0.00111,2.61e-07,2.94e-06,0.00313,0.000194,1.44e-08,4.34e-07,0.00045,2.78e-05,4.12e-10,2.68e-08,3.54e-06,1.32e-07,1.78e-10,4.91e-10
2019-03-30T13:47:44,2019-03-30T13:49:15,2019-03-30T13:48:58,4.65,4.59,14.62,14.96,0.41,0.07,0.34,343.0,4788.0,0.0,0.00205,2.27e-06,1.97e-09,1.22e-07,9.57e-06,1.89e-08,5.74e-10,1.44e-09,5.36e-06,5.68e-08,1.72e-10,3.2e-10,1.01e-06,2.34e-10,1.51e-10,1.53e-10
2019-03-31T08:17:08,2019-03-31T08:18:12,2019-03-31T08:18:04,5.4,5.3,15.33,15.74,0.59,0.1,0.41,858.0,0.0,0.0,0.00357,1.68e-05,1.86e-08,2.13e-07,0.000211,1.64e-06,7.68e-10,2.92e-08,0.000207,2.48e-06,2.28e-10,1.23e-08,1.14e-06,2.72e-10,1.57e-10,1.58e-10
2019-04-01T04:49:02,2019-04-01T04:50:22,2019-04-01T04:50:01,5.4,5.61,17.37,16.71,0.96,-0.22,0.55,369.0,0.0,0.0,0.0581,0.000286,5.88e-07,3.47e-06,2.03e-05,1.28e-07,5.66e-10,2.81e-09,0.00339,1.35e-05,1.86e-08,2.02e-07,1.18e-06,3.75e-09,1.59e-10,1.64e-10
2019-04-03T07:27:02,2019-04-03T07:28:03,2019-04-03T07:27:58,5.67,5.69,15.59,16.04,0.65,-0.01,0.54,360.0,0.0,0.0,0.0431,0.000177,7.5e-07,2.57e-06,0.000183,9.28e-07,5.58e-10,2.53e-08,0.0014,4.1e-06,5.89e-09,8.37e-08,1.17e-06,2.51e-10,1.61e-10,1.62e-10
2019-04-03T15:16:56,2019-04-03T15:18:58,2019-04-03T15:18:22,4.94,4.94,14.77,15.06,0.38,0.01,0.3,541.0,0.0,15.0,0.0739,0.000805,5.18e-07,4.41e-06,1.7e-05,2.76e-07,5.45e-10,2.36e-09,0.00269,2.42e-05,2.17e-09,1.61e-07,1.13e-06,6.99e-09,1.54e-10,1.57e-10
2019-04-03T15:50:56,2019-04-03T15:52:03,2019-04-03T15:51:58,5.36,5.18,15.25,14.91,0.51,0.18,0.34,540.0,0.0,15.0,0.0879,0.000805,7.83e-07,5.24e-06,0.000339,8.16e-06,5.75e-10,4.69e-08,0.00245,2.42e-05,4.4e-09,1.46e-07,1.2e-06,1.25e-08,1.6e-10,1.67e-10
2019-04-04T03:58:19,2019-04-04T03:59:57,2019-04-04T03:59:31,5.06,5.24,17.66,16.94,0.96,-0.18,0.69,420.0,0.0,0.0,0.0144,4.63e-05,1.04e-07,8.6e-07,1.27e-05,2.05e-07,5.65e-10,1.76e-09,0.000979,3.46e-06,1.44e-09,5.84e-08,1.13e-06,2.4e-10,1.55e-10,1.57e-10
2019-04-04T09:15:50,2019-04-04T09:17:15,2019-04-04T09:17:06,5.22,5.06,14.97,14.25,0.98,0.16,0.72,864.0,0.0,0.0,0.0101,4.75e-05,4.31e-08,6.04e-07,0.000592,5.95e-05,5.28e-10,8.19e-08,1.53e-05,2.23e-08,2.57e-10,9.15e-10,1.14e-06,1.51e-09,1.55e-10,1.58e-10
2019-04-04T18:07:56,2019-04-04T18:09:28,2019-04-04T18:09:23,5.32,5.18,15.1,15.84,1.02,0.14,0.74,420.0,0.0,134.0,0.446,0.00661,2.65e-07,2.66e-05,0.004,0.000155,4.33e-09,5.55e-07,0.00292,2.89e-05,6.88e-10,1.74e-07,3.53e-06,3.5e-08,1.67e-10,4.89e-10
2019-04-05T19:59:25,2019-04-05T20:01:03,2019-04-05T20:00:44,4.78,4.64,14.44,14.07,0.48,0.14,0.37,300.0,6931.0,3.0,0.0232,0.000251,1.19e-07,1.38e-06,1.3e-05,1.4e-07,6.09e-10,1.86e-09,0.00127,1.7e-05,3.42e-10,7.6e-08,1.09e-06,1.41e-09,1.53e-10,1.55e-10
2019-04-06T08:11:52,2019-04-06T08:12:41,2019-04-06T08:12:39,5.8,6.33,16.91,15.94,1.62,-0.53,0.87,360.0,0.0,0.0,0.0955,0.000284,7.69e-07,5.69e-06,0.00352,3.35e-05,2.66e-09,4.89e-07,0.000208,1.23e-06,1.34e-09,1.24e-08,3.4e-06,1.02e-07,1.7e-10,4.71e-10
2019-04-07T09:29:42,2019-04-07T09:30:46,2019-04-07T09:30:41,5.97,6.17,15.98,15.63,0.59,-0.19,0.31,378.0,0.0,3.0,0.147,0.000409,1.96e-06,8.76e-06,0.00394,1.17e-05,5.71e-10,5.47e-07,0.000407,1.83e-05,1.2e-09,2.42e-08,1.22e-06,2.25e-09,1.64e-10,1.69e-10
2019-04-07T16:18:28,2019-04-07T16:19:51,2019-04-07T16:19:47,4.81,4.69,14.49,14.92,0.56,0.12,0.43,367.0,0.0,0.0,0.0207,7.38e-05,1.23e-07,1.24e-06,1.27e-05,4.81e-08,5.85e-10,1.79e-09,0.000882,4.05e-06,4.36e-10,5.26e-08,1.1e-06,2.32e-10,1.52e-10,1.54e-10
2019-04-07T20:26:56,2019-04-07T20:28:40,2019-04-07T20:28:17,4.97,5.23,17.67,16.82,1.15,-0.26,0.82,368.0,0.0,0.0,0.00357,1.18e-05,7.48e-09,2.13e-07,1.38e-05,8.04e-07,5.52e-10,1.92e-09,8.77e-05,5.12e-07,2e-10,5.23e-09,1.13e-06,2.33e-10,1.55e-10,1.57e-10
2019-04-09T03:06:37,2019-04-09T03:08:40,2019-04-09T03:08:13,4.06,3.64,13.8,12.99,0.91,0.42,0.81,223.0,2589.0,47.0,0.0216,0.000129,2.73e-08,1.41e-06,2.63e-05,2.38e-06,5.52e-10,5.94e-09,0.000553,1.07e-05,2.41e-10,3.61e-08,6.6e-07,2.75e-10,1.48e-10,1.49e-10
2019-04-10T02:16:47,2019-04-10T02:17:31,2019-04-10T02:17:27,4.1,5.33,18.45,17.53,1.67,-1.23,0.95,284.0,3632.0,0.0,0.0228,9.51e-05,1.08e-09,1.43e-06,0.000819,3.62e-06,7.45e-10,1.63e-07,2.9e-06,7.28e-09,1.67e-10,1.82e-10,8.09e-07,6.18e-09,1.51e-10,1.61e-10
2019-05-05T06:57:08,2019-05-05T06:58:46,2019-05-05T06:58:15,5.07,5.2,13.69,14.05,0.5,-0.12,0.34,420.0,0.0,0.0,0.0179,0.000147,8.94e-08,1.07e-06,0.000372,5.25e-06,5.24e-10,5.26e-08,2.86e-05,8.91e-08,2.26e-10,1.7e-09,1.11e-06,2.45e-10,1.54e-10,1.56e-10
2019-05-05T08:32:50,2019-05-05T08:34:09,2019-05-05T08:33:32,6.12,5.95,14.85,14.38,0.78,0.17,0.48,420.0,0.0,0.0,0.018,2.77e-05,3.51e-07,1.08e-06,0.00904,0.00185,1.05e-09,1.25e-06,7.29e-05,1.12e-07,1.16e-09,4.35e-09,4.68e-06,1.43e-06,1.69e-10,6.49e-10
2019-05-11T03:40:56,2019-05-11T03:42:52,2019-05-11T03:42:13,4.46,4.59,13.13,13.52,0.48,-0.13,0.39,336.0,0.0,0.0,0.044,4.63e-05,4.54e-07,2.68e-06,0.000154,1.89e-06,1.02e-09,2.8e-08,0.00112,1.69e-06,3.44e-09,6.84e-08,8.53e-07,2.77e-10,1.51e-10,1.54e-10
2019-05-11T14:45:33,2019-05-11T14:46:41,2019-05-11T14:46:02,5.77,5.59,14.71,15.63,1.38,0.18,0.92,360.0,0.0,0.0,0.0183,9.69e-05,3.53e-08,1.09e-06,0.00179,1.93e-06,1.52e-09,2.48e-07,0.000822,4.66e-06,4.9e-10,4.9e-08,1.19e-06,2.57e-10,1.63e-10,1.64e-10
2019-05-11T16:19:37,2019-05-11T16:20:46,2019-05-11T16:20:08,5.46,5.37,15.9,15.6,0.44,0.09,0.3,360.0,0.0,0.0,0.0289,0.000159,7.14e-08,1.72e-06,0.00155,2.05e-06,2.15e-09,2.15e-07,0.00104,5.43e-06,6.04e-10,6.19e-08,1.17e-06,2.57e-10,1.61e-10,1.63e-10
2019-05-11T22:37:31,2019-05-11T22:39:09,2019-05-11T22:38:16,5.42,5.29,14.44,14.14,0.44,0.13,0.29,360.0,0.0,0.0,0.11,0.00246,9.42e-07,6.56e-06,0.00419,0.000376,5.66e-09,5.77e-07,0.00069,2.6e-05,3.4e-09,4.14e-08,7.98e-06,5.33e-07,1.78e-10,1.1e-09
2019-05-12T23:55:25,2019-05-12T23:57:46,2019-05-12T23:57:03,4.47,4.71,13.34,13.81,0.61,-0.24,0.47,660.0,0.0,0.0,0.0122,0.00011,7.08e-10,7.37e-07,0.000452,4.21e-06,5.2e-10,7.97e-08,3.49e-06,1e-08,1.66e-10,2.1e-10,8.56e-07,2.18e-10,1.49e-10,1.51e-10
2019-05-13T12:37:28,2019-05-13T12:38:46,2019-05-13T12:38:14,5.65,5.66,15.76,15.39,0.55,-0.01,0.37,456.0,0.0,0.0,0.0964,0.000765,1.09e-07,5.75e-06,0.0033,1.34e-05,5.42e-10,4.57e-07,8.89e-05,4.31e-07,3.14e-10,5.3e-09,1.19e-06,7.64e-10,1.63e-10,1.64e-10
